{
 "val": {
  "n": 4521,
  "top1": 0.9725724397257244,
  "top5": 0.9869497898694979,
  "top10": 0.9887193098871931
 },
 "me-sign-examples-pjb": {
  "n": 256,
  "top1": 0.89453125,
  "top5": 0.984375,
  "top10": 0.984375
 }
}