{
 "val": {
  "n": 7344,
  "top1": 0.9202069716775599,
  "top5": 0.9778050108932462,
  "top10": 0.9854302832244008
 },
 "me-sign-examples-pjb": {
  "n": 256,
  "top1": 0.97265625,
  "top5": 0.9921875,
  "top10": 0.9921875
 },
 "abstraction-probe": {
  "n": 1,
  "top1": 1.0,
  "top5": 1.0,
  "top10": 1.0
 }
}