{
 "val": {
  "n": 4521,
  "top1": 0.9703605397036054,
  "top5": 0.9854014598540146,
  "top10": 0.9871709798717098
 },
 "me-sign-examples-pjb": {
  "n": 256,
  "top1": 0.81640625,
  "top5": 0.97265625,
  "top10": 0.984375
 }
}