{
 "val": {
  "n": 7344,
  "top1": 0.9353213507625272,
  "top5": 0.9824346405228758,
  "top10": 0.9872004357298475
 },
 "me-sign-examples-pjb": {
  "n": 256,
  "top1": 0.83984375,
  "top5": 0.984375,
  "top10": 0.984375
 }
}