{
 "val": {
  "n": 7344,
  "top1": 0.9225217864923747,
  "top5": 0.9790305010893247,
  "top10": 0.9828431372549019
 },
 "me-sign-examples-pjb": {
  "n": 256,
  "top1": 0.90625,
  "top5": 0.96484375,
  "top10": 0.98046875
 },
 "abstraction-probe": {
  "n": 1,
  "top1": 1.0,
  "top5": 1.0,
  "top10": 1.0
 }
}