{
 "val": {
  "n": 4521,
  "top1": 0.9721300597213006,
  "top5": 0.9847378898473789,
  "top10": 0.9862862198628622
 },
 "me-sign-examples-pjb": {
  "n": 256,
  "top1": 0.796875,
  "top5": 0.97265625,
  "top10": 0.98828125
 }
}