{
 "val": {
  "n": 4521,
  "top1": 0.9710241097102411,
  "top5": 0.9849590798495907,
  "top10": 0.9882769298827693
 },
 "me-sign-examples-pjb": {
  "n": 256,
  "top1": 0.86328125,
  "top5": 0.98828125,
  "top10": 0.9921875
 }
}