{
 "val": {
  "n": 7344,
  "top1": 0.9127178649237473,
  "top5": 0.9720860566448801,
  "top10": 0.9794389978213508
 },
 "me-sign-examples-pjb": {
  "n": 256,
  "top1": 0.8125,
  "top5": 0.953125,
  "top10": 0.95703125
 },
 "abstraction-probe": {
  "n": 1,
  "top1": 0.0,
  "top5": 1.0,
  "top10": 1.0
 }
}