{
 "val": {
  "n": 800,
  "top1": 0.905,
  "top5": 0.96375,
  "top10": 0.97625
 },
 "me-sign-examples-pjb": {
  "n": 256,
  "top1": 0.859375,
  "top5": 0.97265625,
  "top10": 0.98046875
 }
}